fitting,validation,test,overfit_gap
-0.5422045292063515,-5.557526640031923,0.6987534050316142,-1.2409579342379657
